{
  "normalization": "per_image_percentile",
  "p_low": 1.0,
  "p_high": 99.0,
  "band_indices": [
    5,
    6,
    7,
    3,
    2,
    1,
    4
  ],
  "rgb_bands": [
    5,
    6,
    7
  ],
  "aux_bands": [
    3,
    2,
    1,
    4
  ],
  "channel_means": [
    0.4228620231151581,
    0.35315823554992676,
    0.3112429976463318,
    0.5828425288200378,
    0.31569045782089233,
    0.3982555568218231,
    0.5170309543609619
  ],
  "channel_stds": [
    0.2648250460624695,
    0.245761901140213,
    0.24887241423130035,
    0.331878662109375,
    0.2858246862888336,
    0.22626639902591705,
    0.2061714082956314
  ],
  "pos_weight": 1.8632251802667368,
  "fg_frac": 0.3492564975429614,
  "img_size": 128
}